,Product_Name,Link,Product_Image,Price,Details
0,FABRIC BELT BAG,https://www.zara.com/in/en/fabric-belt-bag-p16021210.html,"[{'https://static.zara.net/photos///2023/I/1/1/p/6021/210/719/2/w/448/6021210719_1_1_1.jpg?ts=1692877244813': 'Image 0 of FABRIC BELT BAG from Zara'}, {'https://static.zara.net/photos///2023/I/1/1/p/6021/210/719/2/w/448/6021210719_2_1_1.jpg?ts=1692877244387': 'Image 1 of FABRIC BELT BAG from Zara'}]","₹ 2,590.00","Fabric belt bag. Adjustable strap. Front zip pocket. Zip closure. Height x Length x Width 17,9 x 29,3 x 6 cm. / 7.0 x 11.5 x 2.3″"
1,FABRIC CROSSBODY BAG,https://www.zara.com/in/en/fabric-crossbody-bag-p16020210.html,"[{'https://static.zara.net/photos///2023/I/1/1/p/6020/210/716/2/w/448/6020210716_1_1_1.jpg?ts=1686314716035': 'Image 0 of FABRIC CROSSBODY BAG from Zara'}, {'https://static.zara.net/photos///2023/I/1/1/p/6020/210/716/2/w/448/6020210716_2_1_1.jpg?ts=1686314714100': 'Image 1 of FABRIC CROSSBODY BAG from Zara'}]","₹ 2,890.00",Fabric crossbody bag. Adjustable fabric crossbody strap. Zip closure.Height x Length x Width 42 x 24 x 15 cm. / 16.5 x 9.4 x 5.9″
2,FABRIC CROSSBODY BAG,https://www.zara.com/in/en/fabric-crossbody-bag-p16701210.html,"[{'https://static.zara.net/photos///2023/I/1/1/p/6701/210/529/2/w/448/6701210529_1_1_1.jpg?ts=1692877244345': 'Image 0 of FABRIC CROSSBODY BAG from Zara'}, {'https://static.zara.net/photos///2023/I/1/1/p/6701/210/529/2/w/448/6701210529_2_1_1.jpg?ts=1692877244200': 'Image 1 of FABRIC CROSSBODY BAG from Zara'}]","₹ 2,590.00",Fabric crossbody bag. Adjustable fabric crossbody strap. Zip closure.Height x Length x Width 12 x 31 x 12 cm. / 4.7 x 12.2 x 4.7″
4,CROSSBODY PURSE,https://www.zara.com/in/en/crossbody-purse-p16072210.html,"[{'https://static.zara.net/photos///2023/I/1/1/p/6072/210/719/2/w/448/6072210719_1_1_1.jpg?ts=1692877244495': 'Image 0 of CROSSBODY PURSE from Zara'}, {'https://static.zara.net/photos///2023/I/1/1/p/6072/210/719/2/w/448/6072210719_2_1_1.jpg?ts=1692877245051': 'Image 1 of CROSSBODY PURSE from Zara'}]","₹ 2,290.00",Crossbody bag that converts into a clutch. Interior with several compartments. Detachable chain shoulder strap. Golden metal hardware. Zip closure.Height x Length x Width 14 x 23 x 3 cm. / 5.5 x 9.0 x 1.1″View more
8,CROSSBODY BAG,https://www.zara.com/in/en/crossbody-bag-p16006210.html,"[{'https://static.zara.net/photos///2023/I/1/1/p/6006/210/800/2/w/448/6006210800_1_1_1.jpg?ts=1692877244799': 'Image 0 of CROSSBODY BAG from Zara'}, {'https://static.zara.net/photos///2023/I/1/1/p/6006/210/800/2/w/448/6006210800_2_1_1.jpg?ts=1692877244300': 'Image 1 of CROSSBODY BAG from Zara'}]","₹ 2,890.00",Crossbody bag with adjustable strap. Lining. Zip closure.Height x Length x Width 17 x 30 x 11 cm. / 6.6 x 11.8 x 4.3″
10,CROCHET BUCKET BAG WITH FRINGING,https://www.zara.com/in/en/crochet-bucket-bag-with-fringing-p16149210.html,"[{'https://static.zara.net/photos///2023/I/1/1/p/6149/210/800/2/w/448/6149210800_1_1_1.jpg?ts=1692877244950': 'Image 0 of CROCHET BUCKET BAG WITH FRINGING from Zara'}, {'https://static.zara.net/photos///2023/I/1/1/p/6149/210/800/2/w/494/6149210800_2_1_1.jpg?ts=1692877245018': 'Image 1 of CROCHET BUCKET BAG WITH FRINGING from Zara'}]","₹ 4,990.00",Crochet bucket bag with fringing on the sides. Shoulder strap. Magnetic clasp closure. Height x Length x Width 35 x 27 x 11 cm. / 13.7 x 10.6 x 4.3″View more
13,FAUX PEARL SHOULDER BAG,https://www.zara.com/in/en/faux-pearl-shoulder-bag-p16088210.html,"[{'https://static.zara.net/photos///2023/I/1/1/p/6088/210/910/2/w/448/6088210910_1_1_1.jpg?ts=1692877245309': 'Image 0 of FAUX PEARL SHOULDER BAG from Zara'}, {'https://static.zara.net/photos///2023/I/1/1/p/6088/210/910/2/w/448/6088210910_2_1_1.jpg?ts=1692877245482': 'Image 1 of FAUX PEARL SHOULDER BAG from Zara'}]","₹ 3,290.00",Shoulder bag with faux pearl exterior. Shoulder strap and detachable crossbody strap. Lined interior. Magnetic clasp closure. Height x Length x Width: 22 x 19 x 6.5 cm. / 8.6 x 7.4 x 2.5″View more
69,MINI CITY BAG,https://www.zara.com/in/en/mini-city-bag-p16311910.html,"[{'https://static.zara.net/photos///2023/V/1/1/p/6311/910/003/12/w/448/6311910003_1_1_1.jpg?ts=1672658666297': 'Image 0 of MINI CITY BAG from Zara'}, {'https://static.zara.net/photos///2023/V/1/1/p/6311/910/003/12/w/448/6311910003_6_1_1.jpg?ts=1678354373691': 'Image 1 of MINI CITY BAG from Zara'}]","₹ 2,890.00","Mini city bag with two inner compartments. Inside pocket with zip closure. Tubular handles and adjustable and detachable crossbody strap. Magnetic clasp closure. Height x Length x Width 18,5 x 22 x 10,5 cm. / 7.2 x 8.6 x 4.1″View more"
71,SHIMMERY MINI CITY BAG,https://www.zara.com/in/en/shimmery-mini-city-bag-p16357210.html,"[{'https://static.zara.net/photos///2023/I/1/1/p/6357/210/604/2/w/448/6357210604_6_1_1.jpg?ts=1684748151252': 'Image 0 of SHIMMERY MINI CITY BAG from Zara'}, {'https://static.zara.net/photos///2023/I/1/1/p/6357/210/604/2/w/448/6357210604_1_1_1.jpg?ts=1684748969046': 'Image 1 of SHIMMERY MINI CITY BAG from Zara'}]","₹ 3,990.00","Mini city bag with rhinestones. Handles and metal chain crossbody strap. Magnetic clasp closure.Height x Length x Width 14,5 x 17 x 7 cm. / 5.7 x 6.6 x 2.7″View more"
72,MOCK CROC TOTE BAG,https://www.zara.com/in/en/mock-croc-tote-bag-p16012110.html,"[{'https://static.zara.net/photos///2023/I/1/1/p/6012/110/800/2/w/448/6012110800_1_1_1.jpg?ts=1692187515970': 'Image 0 of MOCK CROC TOTE BAG from Zara'}, {'https://static.zara.net/photos///2023/I/1/1/p/6012/110/800/2/w/448/6012110800_2_1_1.jpg?ts=1692187515330': 'Image 1 of MOCK CROC TOTE BAG from Zara'}]","₹ 3,290.00","Tote bag in embossed animal print fabric. Inside zip pocket. Shoulder straps. Magnetic clasp closure.Height x Length x Width 56,3 x 47 x 14 cm. / 22.1 x 18.5 x 5.5″View more"
73,MOCK CROC MINI TOTE BAG,https://www.zara.com/in/en/mock-croc-mini-tote-bag-p16015110.html,"[{'https://static.zara.net/photos///2023/V/1/1/p/6015/110/800/3/w/448/6015110800_6_1_1.jpg?ts=1673974673278': 'Image 0 of MOCK CROC MINI TOTE BAG from Zara'}, {'https://static.zara.net/photos///2023/V/1/1/p/6015/110/800/3/w/448/6015110800_6_2_1.jpg?ts=1673974673013': 'Image 1 of MOCK CROC MINI TOTE BAG from Zara'}]","₹ 2,890.00",Mini tote bag in embossed animal print fabric. Inside zip pocket. Top handles and detachable and adjustable crossbody strap. Magnetic clasp closure.Height x Length x Width: 23.7 x 28.6 x 12.9 cm. / 9.3 x 11.2 x 5.0″View more
74,FABRIC TOTE BAG,https://www.zara.com/in/en/fabric-tote-bag-p16110210.html,"[{'https://static.zara.net/photos///2023/I/1/1/p/6110/210/719/2/w/448/6110210719_1_1_1.jpg?ts=1692200336749': 'Image 0 of FABRIC TOTE BAG from Zara'}, {'https://static.zara.net/photos///2023/I/1/1/p/6110/210/719/2/w/448/6110210719_2_1_1.jpg?ts=1692200336740': 'Image 1 of FABRIC TOTE BAG from Zara'}]","₹ 3,290.00",Tote bag in fabric. Handles and detachable crossbody shoulder strap. Zip closure.Height x Length x Width: 26.3 x 31.2 x 12.7 cm. / 10.3 x 12.2 x 5.0″
76,FABRIC MINI CITY BAG,https://www.zara.com/in/en/fabric-mini-city-bag-p16114210.html,"[{'https://static.zara.net/photos///2023/I/1/1/p/6114/210/017/2/w/448/6114210017_6_1_1.jpg?ts=1692207206618': 'Image 0 of FABRIC MINI CITY BAG from Zara'}, {'https://static.zara.net/photos///2023/I/1/1/p/6114/210/017/2/w/448/6114210017_6_2_1.jpg?ts=1692207213314': 'Image 1 of FABRIC MINI CITY BAG from Zara'}]","₹ 2,890.00","Mini city bag in fabric. Handles and detachable crossbody shoulder strap. Zip closure.Height x Length x Width 23,7 x 28,6 x 12,9 cm. / 9.3 x 11.2 x 5.0″View more"
77,TOTE BAG WITH TOPSTITCHING,https://www.zara.com/in/en/tote-bag-with-topstitching-p16205110.html,"[{'https://static.zara.net/photos///2023/I/1/1/p/6206/110/719/2/w/448/6206110719_1_1_1.jpg?ts=1691749861774': 'Image 0 of TOTE BAG WITH TOPSTITCHING from Zara'}, {'https://static.zara.net/photos///2023/I/1/1/p/6206/110/719/2/w/448/6206110719_2_1_1.jpg?ts=1691749861747': 'Image 1 of TOTE BAG WITH TOPSTITCHING from Zara'}]","₹ 2,290.00",Tote bag with topstitching details. Shoulder straps. Magnetic clasp closure. Height x Length x Width 38 x 34 x 10 cm. / 14.9 x 13.3 x 3.9″
80,BACKPACK WITH FOLDOVER FLAP,https://www.zara.com/in/en/backpack-with-foldover-flap-p16069010.html,"[{'https://static.zara.net/photos///2023/V/1/1/p/6069/010/040/12/w/448/6069010040_1_1_1.jpg?ts=1672658687543': 'Image 0 of BACKPACK WITH FOLDOVER FLAP from Zara'}, {'https://static.zara.net/photos///2023/V/1/1/p/6069/010/040/12/w/448/6069010040_2_1_1.jpg?ts=1672658688582': 'Image 1 of BACKPACK WITH FOLDOVER FLAP from Zara'}]","₹ 2,290.00","Backpack featuring outside pockets, top carry handle and adjustable shoulder straps. Gathered and magnetic clasp closure.Height x Length x Width 29 x 26 x 16 cm. / 11.4 x 10.2 x 6.2″View more"
81,BACKPACK WITH FOLDOVER FLAP,https://www.zara.com/in/en/backpack-with-foldover-flap-p16411110.html,"[{'https://static.zara.net/photos///2023/V/1/1/p/6411/110/719/2/w/448/6411110719_6_1_1.jpg?ts=1676640214214': 'Image 0 of BACKPACK WITH FOLDOVER FLAP from Zara'}, {'https://static.zara.net/photos///2023/V/1/1/p/6411/110/719/2/w/448/6411110719_6_2_1.jpg?ts=1676640214707': 'Image 1 of BACKPACK WITH FOLDOVER FLAP from Zara'}]","₹ 2,290.00","Backpack with side pockets. Gathered drawstring closure and magnetic clasp on the flap. Adjustable shoulder straps and top handle. Height x Length x Width 32 x 27,7 x 17,2 cm. / 12.5 x 10.9 x 6.7″View more"
83,PEARL BEAD-SHAPED MINAUDIÈRE,https://www.zara.com/in/en/pearl-bead-shaped-minaudiere-p16131110.html,"[{'https://static.zara.net/photos///2023/V/1/1/p/6131/110/850/2/w/448/6131110850_1_1_1.jpg?ts=1676633625128': 'Image 0 of PEARL BEAD-SHAPED MINAUDIÈRE from Zara'}, {'https://static.zara.net/photos///2023/V/1/1/p/6131/110/850/2/w/0/6131110850_2_1_1.jpg?ts=1676633625170': 'Image 1 of PEARL BEAD-SHAPED MINAUDIÈRE from Zara'}]","₹ 3,990.00","Minaudière in the shape of a pearl bead. Rigid metal handle. Height x Length x Width 18,8 x 22,2 x 8,8 cm. / 7.4 x 8.7 x 3.4″"
84,DENIM MINI CITY BAG,https://www.zara.com/in/en/denim-mini-city-bag-p16003110.html,"[{'https://static.zara.net/photos///2023/V/1/1/p/6003/110/017/2/w/448/6003110017_1_1_1.jpg?ts=1681379761618': 'Image 0 of DENIM MINI CITY BAG from Zara'}, {'https://static.zara.net/photos///2023/V/1/1/p/6003/110/017/2/w/448/6003110017_2_1_1.jpg?ts=1681379761097': 'Image 1 of DENIM MINI CITY BAG from Zara'}]","₹ 2,590.00","Mini city bag in denim fabric. Top handles and long adjustable and detachable crossbody strap. Magnetic clasp closure. Height x Length x Width 13,9 x 18,8 x 8,7 cm. / 5.4 x 7.4 x 3.4″View more"
10,METALLIC STRAPLESS DRESS,https://www.zara.com/in/en/metallic-strapless-dress-p03152390.html,"[{'https://static.zara.net/photos///2023/I/0/1/p/3067/290/220/2/w/448/3067290220_1_1_1.jpg?ts=1692874441282': 'Image 0 of METALLIC STRAPLESS DRESS from Zara'}, {'https://static.zara.net/photos///2023/I/0/1/p/3067/290/220/2/w/448/3067290220_2_1_1.jpg?ts=1692874442284': 'Image 1 of METALLIC STRAPLESS DRESS from Zara'}]","₹ 3,990.00",Off-the-shoulder midi dress with a straight-cut neckline. Metallic fabric. Gathered details. Back slit at the hem. Invisible side zip fastening.
11,FOIL SLIP DRESS,https://www.zara.com/in/en/foil-slip-dress-p08396741.html,"[{'https://static.zara.net/photos///2023/I/0/1/p/8396/741/800/2/w/448/8396741800_1_1_1.jpg?ts=1692874441145': 'Image 0 of FOIL SLIP DRESS from Zara'}, {'https://static.zara.net/photos///2023/I/0/1/p/8396/741/800/2/w/448/8396741800_2_1_1.jpg?ts=1692874444399': 'Image 1 of FOIL SLIP DRESS from Zara'}]","₹ 3,990.00",Midi dress made of metallic-effect fabric. Draped neckline and thin straps. Open back. Invisible zip fastening.
12,FOIL SLIP DRESS,https://www.zara.com/in/en/foil-slip-dress-p08326350.html,"[{'https://static.zara.net/photos///2023/I/0/1/p/8326/350/808/2/w/448/8326350808_1_1_1.jpg?ts=1692874443895': 'Image 0 of FOIL SLIP DRESS from Zara'}, {'https://static.zara.net/photos///2023/I/0/1/p/8326/350/808/2/w/448/8326350808_2_1_1.jpg?ts=1692874443188': 'Image 1 of FOIL SLIP DRESS from Zara'}]","₹ 3,990.00","Long dress made of metallic-effect fabric. Featuring a V-neckline, thin straps and an open back."
13,TRANSPARENT TULLE DRESS,https://www.zara.com/in/en/transparent-tulle-dress-p08497359.html,"[{'https://static.zara.net/photos///2023/I/0/1/p/8497/359/802/2/w/448/8497359802_1_1_1.jpg?ts=1692874442937': 'Image 0 of TRANSPARENT TULLE DRESS from Zara'}, {'https://static.zara.net/photos///2023/I/0/1/p/8497/359/802/2/w/448/8497359802_2_1_1.jpg?ts=1692874443525': 'Image 1 of TRANSPARENT TULLE DRESS from Zara'}]","₹ 2,990.00",Transparent midi dress with a high neck and long sleeves. Pronounced seams. Buttoned opening at the neck.
69,RUFFLED PRINTED DRESS,https://www.zara.com/in/en/ruffled-printed-dress-p09878246.html,"[{'https://static.zara.net/photos///2023/I/0/1/p/9878/246/592/2/w/448/9878246592_1_1_1.jpg?ts=1692699026082': 'Image 0 of RUFFLED PRINTED DRESS from Zara'}, {'https://static.zara.net/photos///2023/I/0/1/p/9878/246/592/2/w/448/9878246592_2_1_1.jpg?ts=1692699026260': 'Image 1 of RUFFLED PRINTED DRESS from Zara'}]","₹ 5,990.00",Sleeveless V-neck midi dress. Metallic thread detail and ruffles. Side slit at the hem. Combined lining. Invisible back zip fastening.
70,RUFFLED PRINTED DRESS,https://www.zara.com/in/en/ruffled-printed-dress-p08081752.html,"[{'https://static.zara.net/photos///2023/I/0/1/p/8081/752/620/2/w/448/8081752620_1_1_1.jpg?ts=1689696939737': 'Image 0 of RUFFLED PRINTED DRESS from Zara'}, {'https://static.zara.net/photos///2023/I/0/1/p/8081/752/620/2/w/448/8081752620_2_1_1.jpg?ts=1689696943176': 'Image 1 of RUFFLED PRINTED DRESS from Zara'}]","₹ 3,990.00","V-neck dress with thin straps that cross at the back. Featuring ruffled trims, lining, a front slit at the hem and invisible side zip fastening."
71,Z1975 DENIM DRESS,https://www.zara.com/in/en/z1975-denim-dress-p06164220.html,"[{'https://static.zara.net/photos///2023/I/0/1/p/6164/220/427/2/w/448/6164220427_1_1_1.jpg?ts=1692688582831': 'Image 0 of Z1975 DENIM DRESS from Zara'}, {'https://static.zara.net/photos///2023/I/0/1/p/6164/220/427/2/w/448/6164220427_2_1_1.jpg?ts=1692688583612': 'Image 1 of Z1975 DENIM DRESS from Zara'}]","₹ 3,990.00",Collared mini dress with a V-neckline and short sleeves. Featuring front and back patch pockets and metal button fastening at the front.
81,LINEN BLEND MIDI DRESS,https://www.zara.com/in/en/linen-blend-midi-dress-p04786297.html,"[{'https://static.zara.net/photos///2023/I/0/1/p/4786/297/615/2/w/448/4786297615_1_1_1.jpg?ts=1688726905806': 'Image 0 of LINEN BLEND MIDI DRESS from Zara'}, {'https://static.zara.net/photos///2023/I/0/1/p/4786/297/615/2/w/448/4786297615_2_1_1.jpg?ts=1688726904087': 'Image 1 of LINEN BLEND MIDI DRESS from Zara'}]","₹ 4,990.00",Midi dress made of a linen blend fabric. Straight-cut neckline and thin straps that cross at the back with adjustable ties. Side gathered details. Slit at the hem. Invisible back zip fastening.
82,CUTWORK EMBROIDERY MIDI DRESS,https://www.zara.com/in/en/cutwork-embroidery-midi-dress-p07678916.html,"[{'https://static.zara.net/photos///2023/I/0/1/p/7678/916/250/2/w/448/7678916250_1_1_1.jpg?ts=1685103817792': 'Image 0 of CUTWORK EMBROIDERY MIDI DRESS from Zara'}, {'https://static.zara.net/photos///2023/I/0/1/p/7678/916/250/2/w/448/7678916250_2_1_1.jpg?ts=1685103817962': 'Image 1 of CUTWORK EMBROIDERY MIDI DRESS from Zara'}]","₹ 4,990.00",Dress featuring a ruffled straight neckline with elasticated trim. Short sleeves. Belt in the same fabric with a buckle and matching cutwork embroidery. Lining. Front button fastening.
0,PADDED JACKET WITH POCKETS,https://www.zara.com/in/en/padded-jacket-with-pockets-p04088242.html,"[{'https://static.zara.net/photos///2023/I/0/1/p/4088/242/800/2/w/448/4088242800_1_1_1.jpg?ts=1691658771413': 'Image 0 of PADDED JACKET WITH POCKETS from Zara'}, {'https://static.zara.net/photos///2023/I/0/1/p/4088/242/800/2/w/448/4088242800_2_1_1.jpg?ts=1691658771801': 'Image 1 of PADDED JACKET WITH POCKETS from Zara'}]","₹ 7,590.00","Padded jacket with a high neck and long sleeves, Front patch pockets. Adjustable hem with matching drawstrings. Front zip fastening."
1,WOOL BOMBER JACKET WITH ZIP,https://www.zara.com/in/en/wool-bomber-jacket-with-zip-p02893108.html,"[{'https://static.zara.net/photos///2023/I/0/1/p/2893/108/704/2/w/448/2893108704_1_1_1.jpg?ts=1693224696563': 'Image 0 of WOOL BOMBER JACKET WITH ZIP from Zara'}, {'https://static.zara.net/photos///2023/I/0/1/p/2893/108/704/2/w/448/2893108704_2_1_1.jpg?ts=1693224696588': 'Image 1 of WOOL BOMBER JACKET WITH ZIP from Zara'}]","₹ 7,590.00",Bomber jacket made of 100% wool. Featuring a V-neckline and long sleeves. Front pockets. Ribbed trims. Metal zip fastening at the front.
24,SATIN BOMBER JACKET,https://www.zara.com/in/en/satin-bomber-jacket-p07854591.html,"[{'https://static.zara.net/photos///2023/I/0/1/p/7854/591/800/12/w/448/7854591800_1_1_1.jpg?ts=1692002574641': 'Image 0 of SATIN BOMBER JACKET from Zara'}, {'https://static.zara.net/photos///2023/I/0/1/p/7854/591/800/12/w/448/7854591800_2_1_1.jpg?ts=1692002574599': 'Image 1 of SATIN BOMBER JACKET from Zara'}]","₹ 3,990.00",Bomber jacket with a round neckline and long sleeves. Front flap pockets and a zipped sleeve pocket. Elasticated trims. Front fastening with metal zip.
25,ZW RHINESTONE DENIM JACKET,https://www.zara.com/in/en/zw-rhinestone-denim-jacket-p06045244.html,"[{'https://static.zara.net/photos///2023/I/0/1/p/6045/244/428/2/w/448/6045244428_1_1_1.jpg?ts=1682412309615': 'Image 0 of ZW RHINESTONE DENIM JACKET from Zara'}, {'https://static.zara.net/photos///2023/I/0/1/p/6045/244/428/2/w/448/6045244428_2_1_1.jpg?ts=1682412309259': 'Image 1 of ZW RHINESTONE DENIM JACKET from Zara'}]","₹ 8,590.00",ZW ZARA WOMANCollared denim jacket with long sleeves. Chest patch pockets with buttoned flaps. Rhinestone appliqués. Button-up front.
26,DENIM JACKET WITH PATCH POCKETS,https://www.zara.com/in/en/denim-jacket-with-patch-pockets-p00108042.html,"[{'https://static.zara.net/photos///2023/I/0/1/p/0108/042/506/17/w/448/0108042506_1_1_1.jpg?ts=1689085992342': 'Image 0 of DENIM JACKET WITH PATCH POCKETS from Zara'}, {'https://static.zara.net/photos///2023/I/0/1/p/0108/042/506/17/w/448/0108042506_2_1_1.jpg?ts=1689085993086': 'Image 1 of DENIM JACKET WITH PATCH POCKETS from Zara'}]","₹ 2,990.00",Jacket with a lapel collar and long sleeves. Front patch pockets. Metal button fastenings on the front.
27,ZW OVERSIZE DENIM JACKET,https://www.zara.com/in/en/zw-oversize-denim-jacket-p01213244.html,"[{'https://static.zara.net/photos///2023/I/0/1/p/1213/244/428/2/w/448/1213244428_1_1_1.jpg?ts=1691482579040': 'Image 0 of ZW OVERSIZE DENIM JACKET from Zara'}, {'https://static.zara.net/photos///2023/I/0/1/p/1213/244/428/2/w/448/1213244428_2_1_1.jpg?ts=1691482579468': 'Image 1 of ZW OVERSIZE DENIM JACKET from Zara'}]","₹ 3,990.00",ZW ZARA WOMANLoose-fitting denim jacket featuring a lapel collar and long sleeves with cuffs. Side pockets and chest patch pockets with buttoned flaps. Faded effect. Fastens at the front with metallic buttons.View more
52,NEOPRENE-EFFECT BOMBER JACKET,https://www.zara.com/in/en/neoprene-effect-bomber-jacket-p08073224.html,"[{'https://static.zara.net/photos///2023/I/0/1/p/8073/224/922/3/w/448/8073224922_1_1_1.jpg?ts=1692355396708': 'Image 0 of NEOPRENE-EFFECT BOMBER JACKET from Zara'}, {'https://static.zara.net/photos///2023/I/0/1/p/8073/224/922/3/w/448/8073224922_2_1_1.jpg?ts=1692355399845': 'Image 1 of NEOPRENE-EFFECT BOMBER JACKET from Zara'}]","₹ 3,990.00",Bomber jacket with a round neckline and long sleeves with puffy cuffs. Front welt pockets. Adjustable hem with elastic drawstring and stoppers. Zip-up front.
0,KNIT SWEATER WITH ZIP,https://www.zara.com/in/en/knit-sweater-with-zip-p05536155.html,"[{'https://static.zara.net/photos///2023/I/0/1/p/5536/155/401/2/w/448/5536155401_1_1_1.jpg?ts=1693222806360': 'Image 0 of KNIT SWEATER WITH ZIP from Zara'}, {'https://static.zara.net/photos///2023/I/0/1/p/5536/155/401/2/w/448/5536155401_2_1_1.jpg?ts=1693222806482': 'Image 1 of KNIT SWEATER WITH ZIP from Zara'}]","₹ 3,290.00","Sweater made of a viscose blend. Featuring a high neck with metal zip, long sleeves and matching ribbed trims."
1,OPEN KNIT CAPE,https://www.zara.com/in/en/open-knit-cape-p02756102.html,"[{'https://static.zara.net/photos///2023/I/0/1/p/2756/102/712/2/w/448/2756102712_1_1_1.jpg?ts=1693224111073': 'Image 0 of OPEN KNIT CAPE from Zara'}, {'https://static.zara.net/photos///2023/I/0/1/p/2756/102/712/2/w/448/2756102712_2_1_1.jpg?ts=1693224110961': 'Image 1 of OPEN KNIT CAPE from Zara'}]","₹ 3,290.00",Cape in a textured open knit fabric with an asymmetric neck and sleeve.
2,CROPPED KNIT SWEATER,https://www.zara.com/in/en/cropped-knit-sweater-p05536125.html,"[{'https://static.zara.net/photos///2023/I/0/1/p/5536/125/809/2/w/448/5536125809_1_1_1.jpg?ts=1693222633500': 'Image 0 of CROPPED KNIT SWEATER from Zara'}, {'https://static.zara.net/photos///2023/I/0/1/p/5536/125/809/2/w/448/5536125809_2_1_1.jpg?ts=1693222633527': 'Image 1 of CROPPED KNIT SWEATER from Zara'}]","₹ 2,990.00",Cropped sweater with a round neck and long sleeves. Matching ribbed trims.
3,RIPPED CROPPED KNIT SWEATER,https://www.zara.com/in/en/ripped-cropped-knit-sweater-p06771143.html,"[{'https://static.zara.net/photos///2023/I/0/1/p/6771/143/507/22/w/448/6771143507_1_1_1.jpg?ts=1693223097507': 'Image 0 of RIPPED CROPPED KNIT SWEATER from Zara'}, {'https://static.zara.net/photos///2023/I/0/1/p/6771/143/507/22/w/448/6771143507_2_1_1.jpg?ts=1693223097468': 'Image 1 of RIPPED CROPPED KNIT SWEATER from Zara'}]","₹ 2,990.00",Cropped sweater with a round neck and long sleeves. Ripped details.
29,AVIATOR SUNGLASSES,https://www.zara.com/in/en/aviator-sunglasses-p02727201.html,"[{'https://static.zara.net/photos///2023/I/0/1/p/2727/201/303/3/w/448/2727201303_1_1_1.jpg?ts=1685703939310': 'Image 0 of AVIATOR SUNGLASSES from Zara'}, {'https://static.zara.net/photos///2023/I/0/1/p/2727/201/303/2/w/448/2727201303_6_1_1.jpg?ts=1684420623308': 'Image 1 of AVIATOR SUNGLASSES from Zara'}]","₹ 1,990.00",Aviator-style sunglasses with a metal frame. Case included.100% UV Protection. Category 3.
30,PRINTED MAXI BAG,https://www.zara.com/in/en/printed-maxi-bag-p02856218.html,"[{'https://static.zara.net/photos///2023/I/0/1/p/2856/205/670/2/w/448/2856205670_1_1_1.jpg?ts=1685615819865': 'Image 0 of PRINTED MAXI BAG from Zara'}, {'https://static.zara.net/photos///2023/I/0/1/p/2856/205/670/2/w/448/2856205670_6_1_1.jpg?ts=1685621131802': 'Image 1 of PRINTED MAXI BAG from Zara'}]","₹ 3,290.00",Max quilted tote bag. Shoulder strap.Height x Length x Width: 50 x 74 x 10 cm. / 19.6 x 29.1 x 3.9″
31,RESIN SUNGLASSES,https://www.zara.com/in/en/resin-sunglasses-p02727203.html,"[{'https://static.zara.net/photos///2023/I/0/1/p/2727/203/760/12/w/448/2727203760_1_1_1.jpg?ts=1685704020015': 'Image 0 of RESIN SUNGLASSES from Zara'}, {'https://static.zara.net/photos///2023/I/0/1/p/2727/203/760/2/w/448/2727203760_2_1_1.jpg?ts=1684420170527': 'Image 1 of RESIN SUNGLASSES from Zara'}]","₹ 1,990.00",Resin sunglasses. Case included.100% UV Protection. Category 3.
86,XL POLARISED SUNGLASSES,https://www.zara.com/in/en/xl-polarised-sunglasses-p02727007.html,"[{'https://static.zara.net/photos///2023/I/0/1/p/2727/007/800/2/w/448/2727007800_6_1_1.jpg?ts=1689602885857': 'Image 0 of XL POLARISED SUNGLASSES from Zara'}, {'https://static.zara.net/photos///2023/I/0/1/p/2727/007/800/2/w/448/2727007800_6_2_1.jpg?ts=1689601550357': 'Image 1 of XL POLARISED SUNGLASSES from Zara'}]","₹ 2,290.00",Sunglasses with XL shield.100% UV Protection. Category 3.
87,STRAIGHT SUNGLASSES WITH FRAME,https://www.zara.com/in/en/straight-sunglasses-with-frame-p04646002.html,"[{'https://static.zara.net/photos///2023/I/0/1/p/4646/002/800/2/w/448/4646002800_6_1_1.jpg?ts=1689601549294': 'Image 0 of STRAIGHT SUNGLASSES WITH FRAME from Zara'}, {'https://static.zara.net/photos///2023/I/0/1/p/4646/002/800/2/w/448/4646002800_6_2_1.jpg?ts=1689601549482': 'Image 1 of STRAIGHT SUNGLASSES WITH FRAME from Zara'}]","₹ 1,990.00",Sunglasses with a coloured resin frame. Case included.100% UV PROTECTION. CATEGORY 3.
88,CATEYE SUNGLASSES,https://www.zara.com/in/en/cateye-sunglasses-p04646201.html,"[{'https://static.zara.net/photos///2023/I/0/1/p/4646/201/800/2/w/448/4646201800_1_1_1.jpg?ts=1684420173174': 'Image 0 of CATEYE SUNGLASSES from Zara'}, {'https://static.zara.net/photos///2023/I/0/1/p/4646/201/800/2/w/448/4646201800_6_1_1.jpg?ts=1684483469877': 'Image 1 of CATEYE SUNGLASSES from Zara'}]","₹ 1,990.00",Sunglasses with a resin frame. Case included.100% UV PROTECTION. CATEGORY 3.
16,FADED-EFFECT RIPPED PLUSH TROUSERS,https://www.zara.com/in/en/faded-effect-ripped-plush-trousers-p06050344.html,"[{'https://static.zara.net/photos///2023/I/0/1/p/6050/344/802/2/w/448/6050344802_1_1_1.jpg?ts=1692344969904': 'Image 0 of FADED-EFFECT RIPPED PLUSH TROUSERS from Zara'}, {'https://static.zara.net/photos///2023/I/0/1/p/6050/344/802/2/w/448/6050344802_2_1_1.jpg?ts=1692344969714': 'Image 1 of FADED-EFFECT RIPPED PLUSH TROUSERS from Zara'}]","₹ 2,590.00",Faded-effect high-waist trousers made of a cotton blend. Featuring an elasticated waistband and ripped details.
6,FADED-EFFECT PLUSH TROUSERS,https://www.zara.com/in/en/faded-effect-plush-trousers-p08417802.html,"[{'https://static.zara.net/photos///2023/I/0/1/p/8417/802/485/2/w/448/8417802485_2_1_1.jpg?ts=1692875624937': 'Image 0 of FADED-EFFECT PLUSH TROUSERS from Zara'}, {'https://static.zara.net/photos///2023/I/0/1/p/3253/822/485/2/w/448/3253822485_6_1_1.jpg?ts=1692772712287': 'Image 1 of FADED-EFFECT PLUSH TROUSERS from Zara'}]","₹ 1,990.00",Faded cotton trousers featuring an elasticated drawstring waistband and seamless hems.
8,FADED-EFFECT PLUSH SWEATSHIRT,https://www.zara.com/in/en/faded-effect-plush-sweatshirt-p08417801.html,"[{'https://static.zara.net/photos///2023/I/0/1/p/8417/801/485/2/w/448/8417801485_1_1_1.jpg?ts=1692279530205': 'Image 0 of FADED-EFFECT PLUSH SWEATSHIRT from Zara'}, {'https://static.zara.net/photos///2023/I/0/1/p/8417/801/485/2/w/448/8417801485_2_1_1.jpg?ts=1692279530202': 'Image 1 of FADED-EFFECT PLUSH SWEATSHIRT from Zara'}]","₹ 1,990.00","Faded cotton sweatshirt featuring a round neck, long drop-shoulder sleeves and seamless hem."
12,FADED-EFFECT RIBBED TROUSERS,https://www.zara.com/in/en/faded-effect-ribbed-trousers-p06050340.html,"[{'https://static.zara.net/photos///2023/I/0/1/p/6050/340/802/2/w/448/6050340802_1_1_1.jpg?ts=1692344969064': 'Image 0 of FADED-EFFECT RIBBED TROUSERS from Zara'}, {'https://static.zara.net/photos///2023/I/0/1/p/6050/340/802/2/w/448/6050340802_2_1_1.jpg?ts=1692344968889': 'Image 1 of FADED-EFFECT RIBBED TROUSERS from Zara'}]","₹ 2,290.00",Faded high-waist trousers made of a cotton blend. Featuring an elasticated waistband and side vents at the hems.
36,WASHED EFFECT TROUSERS,https://www.zara.com/in/en/washed-effect-trousers-p04424037.html,"[{'https://static.zara.net/photos///2023/I/0/1/p/4424/457/802/2/w/448/4424457802_1_1_1.jpg?ts=1688546817794': 'Image 0 of WASHED EFFECT TROUSERS from Zara'}, {'https://static.zara.net/photos///2023/I/0/1/p/4424/457/802/2/w/448/4424457802_2_1_1.jpg?ts=1688546874916': 'Image 1 of WASHED EFFECT TROUSERS from Zara'}]","₹ 2,590.00",Faded low-rise trousers with an elasticated waistband. Side pockets. Wide-leg design.
43,FADED-EFFECT MIDI SKIRT,https://www.zara.com/in/en/faded-effect-midi-skirt-p01660807.html,"[{'https://static.zara.net/photos///2023/I/0/1/p/1660/807/730/2/w/448/1660807730_1_1_1.jpg?ts=1691142489198': 'Image 0 of FADED-EFFECT MIDI SKIRT from Zara'}, {'https://static.zara.net/photos///2023/I/0/1/p/1660/807/730/2/w/448/1660807730_2_1_1.jpg?ts=1691142489850': 'Image 1 of FADED-EFFECT MIDI SKIRT from Zara'}]","₹ 1,890.00",Skirt made of faded cotton. Elasticated drawstring waistband. Back slit at the hem.
44,FADED-EFFECT CROP TOP,https://www.zara.com/in/en/faded-effect-crop-top-p01660806.html,"[{'https://static.zara.net/photos///2023/I/0/1/p/1660/806/730/2/w/448/1660806730_1_1_1.jpg?ts=1691142489194': 'Image 0 of FADED-EFFECT CROP TOP from Zara'}, {'https://static.zara.net/photos///2023/I/0/1/p/1660/806/730/2/w/448/1660806730_2_1_1.jpg?ts=1691142489808': 'Image 1 of FADED-EFFECT CROP TOP from Zara'}]",₹ 990.00,Faded cotton top with a round neck and short sleeves.
49,HEAVY COTTON BERMUDA SHORTS,https://www.zara.com/in/en/heavy-cotton-bermuda-shorts-p04174629.html,"[{'https://static.zara.net/photos///2023/I/0/1/p/4174/629/250/2/w/448/4174629250_1_1_1.jpg?ts=1689337195931': 'Image 0 of HEAVY COTTON BERMUDA SHORTS from Zara'}, {'https://static.zara.net/photos///2023/I/0/1/p/4174/629/250/2/w/448/4174629250_2_1_1.jpg?ts=1689337195005': 'Image 1 of HEAVY COTTON BERMUDA SHORTS from Zara'}]",₹ 990.00,Mid-rise Bermuda shorts made of a cotton blend. Featuring an elasticated drawstring waistband and side pockets.
55,CARROT JOGGING TROUSERS,https://www.zara.com/in/en/carrot-jogging-trousers-p04174359.html,"[{'https://static.zara.net/photos///2023/V/0/1/p/4174/359/800/2/w/448/4174359800_1_1_1.jpg?ts=1682423595256': 'Image 0 of CARROT JOGGING TROUSERS from Zara'}, {'https://static.zara.net/photos///2023/V/0/1/p/4174/359/800/2/w/448/4174359800_2_1_1.jpg?ts=1682423594831': 'Image 1 of CARROT JOGGING TROUSERS from Zara'}]","₹ 2,290.00",High-waist trousers featuring an adjustable elastic waistband with drawstrings. Side pockets.
19,CARROT FIT TROUSERS WITH DARTS DETAIL,https://www.zara.com/in/en/carrot-fit-trousers-with-darts-detail-p01478060.html,"[{'https://static.zara.net/photos///2023/I/0/1/p/1478/060/800/2/w/448/1478060800_1_1_1.jpg?ts=1692791553719': 'Image 0 of CARROT FIT TROUSERS WITH DARTS DETAIL from Zara'}, {'https://static.zara.net/photos///2023/I/0/1/p/1478/060/800/26/w/448/1478060800_2_1_1.jpg?ts=1692877539382': 'Image 1 of CARROT FIT TROUSERS WITH DARTS DETAIL from Zara'}]","₹ 4,990.00",Mid-waist trousers made of a viscose blend. Belt loops. Side pockets and rear welt pockets. Dart details on the front. Pleated hem with contrast button. Front zip fly and button fastening.
41,FULL LENGTH FLARE TROUSERS,https://www.zara.com/in/en/full-length-flare-trousers-p02753245.html,"[{'https://static.zara.net/photos///2023/I/0/1/p/2753/245/401/2/w/448/2753245401_1_1_1.jpg?ts=1692352292803': 'Image 0 of FULL LENGTH FLARE TROUSERS from Zara'}, {'https://static.zara.net/photos///2023/I/0/1/p/2753/245/401/2/w/448/2753245401_2_1_1.jpg?ts=1692352293902': 'Image 1 of FULL LENGTH FLARE TROUSERS from Zara'}]","₹ 3,290.00","High-waist trousers with front pockets and a back false welt pockets. Flared hems. Front zip fly, interior button and metal hook fastening."
42,FITTED BLAZER WITH SEAMS,https://www.zara.com/in/en/fitted-blazer-with-seams-p02753345.html,"[{'https://static.zara.net/photos///2023/I/0/1/p/2753/345/401/2/w/448/2753345401_1_1_1.jpg?ts=1692352292134': 'Image 0 of FITTED BLAZER WITH SEAMS from Zara'}, {'https://static.zara.net/photos///2023/I/0/1/p/2753/345/401/2/w/448/2753345401_2_1_1.jpg?ts=1692352293592': 'Image 1 of FITTED BLAZER WITH SEAMS from Zara'}]","₹ 5,990.00",Blazer with a lapel collar and long sleeves with shoulder pads. Front flap pockets. Visible seam detail on the waist. Fastens at the front with buttons.
43,HIGH-WAIST TROUSERS,https://www.zara.com/in/en/high-waist-trousers-p07102562.html,"[{'https://static.zara.net/photos///2023/I/0/1/p/7102/562/804/18/w/448/7102562804_1_1_1.jpg?ts=1692689248482': 'Image 0 of HIGH-WAIST TROUSERS from Zara'}, {'https://static.zara.net/photos///2023/I/0/1/p/7102/562/804/18/w/448/7102562804_2_1_1.jpg?ts=1692689248227': 'Image 1 of HIGH-WAIST TROUSERS from Zara'}]","₹ 2,590.00","High-waist trousers with seam detail on the front and back. Front welt pockets. Front zip fly, inside button and metal hook fastening."
56,STRAIGHT-LEG TROUSERS WITH TURN-UP HEMS,https://www.zara.com/in/en/straight-leg-trousers-with-turn-up-hems-p02753435.html,"[{'https://static.zara.net/photos///2023/I/0/1/p/2753/435/800/2/w/448/2753435800_1_1_1.jpg?ts=1691758135751': 'Image 0 of STRAIGHT-LEG TROUSERS WITH TURN-UP HEMS from Zara'}, {'https://static.zara.net/photos///2023/I/0/1/p/2753/435/800/2/w/448/2753435800_2_1_1.jpg?ts=1691758135749': 'Image 1 of STRAIGHT-LEG TROUSERS WITH TURN-UP HEMS from Zara'}]","₹ 3,290.00","High-waist trousers featuring front pockets and a rear false welt pockets. Straight-leg design and turn-up hems. Front zip fly, interior button and metal hook fastening."
59,STRAIGHT-LEG TROUSERS WITH TURN-UP HEMS,https://www.zara.com/in/en/straight-leg-trousers-with-turn-up-hems-p01478331.html,"[{'https://static.zara.net/photos///2023/I/0/1/p/1478/331/401/2/w/448/1478331401_1_1_1.jpg?ts=1691758139505': 'Image 0 of STRAIGHT-LEG TROUSERS WITH TURN-UP HEMS from Zara'}, {'https://static.zara.net/photos///2023/I/0/1/p/1478/331/401/2/w/448/1478331401_2_1_1.jpg?ts=1691758140451': 'Image 1 of STRAIGHT-LEG TROUSERS WITH TURN-UP HEMS from Zara'}]","₹ 3,290.00","High-waist trousers with front pockets and false welt pockets at the back. Straight-leg design and turn-up hems. Front zip fly, inside button and metal hook fastening."
78,STRAIGHT FIT TROUSERS WITH BUTTONS,https://www.zara.com/in/en/straight-fit-trousers-with-buttons-p09929020.html,"[{'https://static.zara.net/photos///2023/I/0/1/p/9929/220/803/2/w/448/9929220803_1_1_1.jpg?ts=1691593335651': 'Image 0 of STRAIGHT FIT TROUSERS WITH BUTTONS from Zara'}, {'https://static.zara.net/photos///2023/I/0/1/p/9929/220/803/2/w/448/9929220803_2_1_1.jpg?ts=1691593338121': 'Image 1 of STRAIGHT FIT TROUSERS WITH BUTTONS from Zara'}]","₹ 3,290.00",High-waist trousers with an elastic waistband at the back. Front pockets with decorative golden buttons. False welt pockets at the back. Straight-leg design.
112,PAPERBAG TROUSERS WITH BELT,https://www.zara.com/in/en/paperbag-trousers-with-belt-p00779158.html,"[{'https://static.zara.net/photos///2023/I/0/1/p/0779/158/800/2/w/448/0779158800_1_1_1.jpg?ts=1692270090725': 'Image 0 of PAPERBAG TROUSERS WITH BELT from Zara'}, {'https://static.zara.net/photos///2023/I/0/1/p/0779/158/800/2/w/448/0779158800_2_1_1.jpg?ts=1692270090702': 'Image 1 of PAPERBAG TROUSERS WITH BELT from Zara'}]","₹ 3,990.00","High-waist trousers with front darts. Front pockets and side patch pockets with flaps. Adjustable hems with button fastening. Front zip fly, interior button and metal hook fastening. Belt with buckle and metal studs."
118,HIGH-WAIST REGULAR TROUSERS,https://www.zara.com/in/en/high-waist-regular-trousers-p02216118.html,"[{'https://static.zara.net/photos///2023/I/0/1/p/2216/118/712/17/w/448/2216118712_1_1_1.jpg?ts=1689675945857': 'Image 0 of HIGH-WAIST REGULAR TROUSERS from Zara'}, {'https://static.zara.net/photos///2023/I/0/1/p/2216/118/712/17/w/448/2216118712_2_1_1.jpg?ts=1689675940145': 'Image 1 of HIGH-WAIST REGULAR TROUSERS from Zara'}]","₹ 2,990.00",Flowing high-waist trousers with a straight-leg design. Invisible side zip fastening.
121,LONG FLOWING TROUSERS,https://www.zara.com/in/en/long-flowing-trousers-p02731271.html,"[{'https://static.zara.net/photos///2023/I/0/1/p/2731/271/800/16/w/448/2731271800_1_1_1.jpg?ts=1690987261083': 'Image 0 of LONG FLOWING TROUSERS from Zara'}, {'https://static.zara.net/photos///2023/I/0/1/p/2731/271/800/16/w/448/2731271800_2_1_1.jpg?ts=1690987260731': 'Image 1 of LONG FLOWING TROUSERS from Zara'}]","₹ 2,990.00",Loose-fitting high-waist trousers with a straight-leg design. Invisible side zip fastening.
123,HIGH-WAIST WIDE-LEG TROUSERS,https://www.zara.com/in/en/high-waist-wide-leg-trousers-p07595816.html,"[{'https://static.zara.net/photos///2023/I/0/1/p/7595/816/508/2/w/448/7595816508_1_1_1.jpg?ts=1685693896396': 'Image 0 of HIGH-WAIST WIDE-LEG TROUSERS from Zara'}, {'https://static.zara.net/photos///2023/I/0/1/p/7595/816/508/2/w/448/7595816508_2_1_1.jpg?ts=1685693894757': 'Image 1 of HIGH-WAIST WIDE-LEG TROUSERS from Zara'}]","₹ 4,990.00",High-waist trousers made of a viscose blend. Wide-leg design. Invisible zip fastening.
126,HIGH-WAISTED STRAIGHT CUT TROUSERS,https://www.zara.com/in/en/high-waisted-straight-cut-trousers-p07980117.html,"[{'https://static.zara.net/photos///2023/I/0/1/p/7980/117/632/2/w/448/7980117632_1_1_1.jpg?ts=1691658205973': 'Image 0 of HIGH-WAISTED STRAIGHT CUT TROUSERS from Zara'}, {'https://static.zara.net/photos///2023/I/0/1/p/7980/117/632/2/w/448/7980117632_2_1_1.jpg?ts=1691658206568': 'Image 1 of HIGH-WAISTED STRAIGHT CUT TROUSERS from Zara'}]","₹ 4,990.00","High-waist trousers with side pockets and rear welt pockets. Straight-leg design. Front zip fly, top button and metal hook fastening."
128,WIDE-LEG POPLIN TROUSERS,https://www.zara.com/in/en/wide-leg-poplin-trousers-p07563242.html,"[{'https://static.zara.net/photos///2023/I/0/1/p/7563/242/401/2/w/448/7563242401_1_1_1.jpg?ts=1691152491316': 'Image 0 of WIDE-LEG POPLIN TROUSERS from Zara'}, {'https://static.zara.net/photos///2023/I/0/1/p/7563/242/401/2/w/448/7563242401_2_1_1.jpg?ts=1691152492335': 'Image 1 of WIDE-LEG POPLIN TROUSERS from Zara'}]","₹ 3,290.00",Mid-rise trousers made of cotton with an elasticated waistband and adjustable drawstrings. Side in-seam pockets. Wide-leg design.
136,HIGH-WAIST CULOTTE TROUSERS,https://www.zara.com/in/en/high-waist-culotte-trousers-p07600683.html,"[{'https://static.zara.net/photos///2023/I/0/1/p/9929/329/800/2/w/448/9929329800_1_1_1.jpg?ts=1692876611654': 'Image 0 of HIGH-WAIST CULOTTE TROUSERS from Zara'}, {'https://static.zara.net/photos///2023/I/0/1/p/9929/329/800/2/w/448/9929329800_2_1_1.jpg?ts=1692876613115': 'Image 1 of HIGH-WAIST CULOTTE TROUSERS from Zara'}]","₹ 3,290.00","High-waist trousers featuring front pockets and rear welt pockets. Short and wide leg design. Front zip fly, interior button and metal hook fastening."
141,DARTED WIDE-LEG TROUSERS,https://www.zara.com/in/en/darted-wide-leg-trousers-p08365532.html,"[{'https://static.zara.net/photos///2023/I/0/1/p/8365/532/251/2/w/448/8365532251_1_1_1.jpg?ts=1691577077844': 'Image 0 of DARTED WIDE-LEG TROUSERS from Zara'}, {'https://static.zara.net/photos///2023/I/0/1/p/8365/532/251/2/w/448/8365532251_2_1_1.jpg?ts=1691577080061': 'Image 1 of DARTED WIDE-LEG TROUSERS from Zara'}]","₹ 3,990.00","High-waist trousers with front darts. Front pockets and rear false welt pocket. Wide-leg design. Front zip fly, interior button and metal hook fastening."
159,TEXTURED JACQUARD TROUSERS,https://www.zara.com/in/en/textured-jacquard-trousers-p05039634.html,"[{'https://static.zara.net/photos///2023/I/0/1/p/5039/634/044/2/w/448/5039634044_1_1_1.jpg?ts=1692202685078': 'Image 0 of TEXTURED JACQUARD TROUSERS from Zara'}, {'https://static.zara.net/photos///2023/I/0/1/p/5039/634/044/2/w/448/5039634044_2_1_1.jpg?ts=1692202685762': 'Image 1 of TEXTURED JACQUARD TROUSERS from Zara'}]","₹ 2,590.00",High-waist trousers with an adjustable waistband and matching drawstrings. Textured jacquard fabric detail. Wide-leg design.
